{
  "total_steps": 14000,
  "final_box": 30.0,
  "final_volume": 27000.0,
  "final_density_gcm3": 2.2004490245057564,
  "target_density": 2.2,
  "density_error_pct": 0.020410204807101578,
  "final_energy_eV": 10630.456413893628,
  "energy_per_atom_eV": 5.423702251986545,
  "displacement_acceptance": 60.95,
  "volume_acceptance": 45.97701149425287,
  "coordination_numbers": {
    "Si-O": 3.9976190476190485,
    "Ca-O": 5.771825396825398,
    "P-O": 3.9464285714285716,
    "O-O": 3.951259138911454
  },
  "wall_time_s": 758.00257396698
}